{"cameraMode":{"drawMode":0,"name":"Shaded","section":"Shading Mode"},"sceneLighting":true,"audioPlay":false,"sceneViewState":{"showFog":true,"showMaterialUpdate":false,"showSkybox":true,"showFlares":true,"showImageEffects":true,"showParticleSystems":true},"in2DMode":false,"pivot":{"x":3.0935401916503908,"y":1.9530911445617676,"z":2.6010000705718996},"rotation":{"x":0.15398342907428742,"y":-0.2641580104827881,"z":0.042766038328409198,"w":0.9511486887931824},"size":15.520998001098633,"orthographic":true}