{"cameraMode":{"drawMode":0,"name":"Shaded","section":"Shading Mode"},"sceneLighting":true,"audioPlay":false,"sceneViewState":{"showFog":true,"showMaterialUpdate":false,"showSkybox":true,"showFlares":true,"showImageEffects":true,"showParticleSystems":true},"in2DMode":false,"pivot":{"x":3.0935401916503908,"y":1.9530911445617676,"z":2.6010000705718996},"rotation":{"x":0.09432515501976013,"y":-0.026876531541347505,"z":0.0025466568768024446,"w":0.995177149772644},"size":12.993270874023438,"orthographic":true}